code,cb_sum,cb_propcorrect,csvtm_sum,cvstm_propcorrect,question1,question2,question3,question4,question5,question6,question7,question8,question9,question10,question11,question12,question13,question14,question15,question16,question17,question18,group_all,mean_rl_all,mean_e1_all,mean_d1_all,mean_d_all,pre1,pre2,pre3,pre4,post,strategies,vp_sum,vp_propcorrect
1,26,0.722222222,70,0.583333333,2,3,3,3,2,3,3,3,2,3,3,3,2,2,3,2,3,2,above,5.95,3.05,3.9007195,32.773125,6.2,7.5,7.4,6.2,7,1,33,0.916666667
2,27,0.75,73,0.608333333,3,4,3,4,3,3,3,3,3,3,3,3,3,2,4,4,3,3,control,5.35,3.25,16.3936395,71.17568,5.5,5.5,2.5,4.4,2.1,1,27,0.75
3,30,0.833333333,93,0.775,2,3,2,1,2,2,2,2,1,1,1,2,1,0,2,1,2,0,below,4.8,3.25,5.576016,36.187635,8.7,4.5,2.5,2.5,3.2,2,33,0.916666667
4,27,0.75,83,0.691666667,1,2,2,3,1,2,2,0,2,3,1,1,3,2,2,1,1,0,below,6.55,2.55,4.7382675,44.018895,5.2,0.9,1.1,0.6,0.6,2,31,0.861111111
5,25,0.694444444,79,0.658333333,3,4,4,2,4,4,4,3,1,4,3,3,1,1,4,2,3,4,above,6.15,2.5,5.5296305,42.3393,8.1,4.6,6.7,6.2,6.3,1,32,0.888888889
6,23,0.638888889,72,0.6,1,3,3,4,3,3,3,4,4,4,3,3,2,3,3,3,3,3,control,6.05,3.05,8.1799,45.001775,4.9,3.3,2.9,2.1,2.2,2,24,0.666666667
7,28,0.777777778,94,0.783333333,1,3,3,1,2,2,0,1,2,1,1,1,1,0,1,1,1,1,control,5,3.3,6.0338725,39.379595,6.8,4.2,7,2,5.2,2,28,0.777777778
8,27,0.75,85,0.708333333,1,2,3,3,2,1,2,3,1,2,1,2,1,1,4,1,1,1,below,5.4,3.3,8.40339,55.312785,6.5,1.8,1.9,2.3,2.1,2,27,0.75
9,30,0.833333333,72,0.6,2,3,3,3,3,3,3,3,3,3,3,3,2,2,3,2,2,3,above,4.5,3.45,5.404353,39.22149,5.2,6.6,6.3,6.5,7,1,28,0.777777778
10,26,0.722222222,90,0.75,1,4,4,4,3,4,4,3,2,4,3,3,2,3,4,3,3,4,below,6,2.65,4.274488,39.475235,6.6,1.5,1.8,2,1.8,2,26,0.722222222
11,29,0.805555556,96,0.8,4,2,4,4,3,3,4,4,0,3,3,4,3,3,4,3,2,3,below,4.65,3.15,7.199051,42.991475,6.3,7.1,6.9,8.5,7,2,34,0.944444444
12,29,0.805555556,91,0.758333333,2,3,3,2,2,1,1,3,0,1,1,1,0,0,3,0,2,1,control,4.6,3.4,2.88741,33.83825,3.9,3.2,3.4,0.9,5,2,18,0.5
13,26,0.722222222,106,0.883333333,3,4,4,4,3,3,4,4,2,4,3,3,2,3,4,2,2,4,control,4.5,3.5,4.5975385,35.041325,4.9,2.5,5.1,2.9,4.9,1,32,0.888888889
14,28,0.777777778,86,0.716666667,3,3,4,3,3,3,3,3,1,3,2,3,2,3,3,2,2,3,control,5.05,2.75,4.0557805,39.577225,5,2.1,4.2,4.7,5.9,2,35,0.972222222
15,32,0.888888889,82,0.683333333,3,4,3,3,4,3,3,3,3,4,3,3,1,3,4,3,3,3,above,3.95,3.45,7.095413,40.827325,5.9,5.5,5.6,6.3,6.4,1,34,0.944444444
16,28,0.777777778,87,0.725,0,1,2,1,0,1,1,0,3,0,1,1,3,2,1,1,0,0,below,3.2,4.75,11.8771785,49.639495,2.3,2.3,1.9,1.7,1.9,2,32,0.888888889
17,28,0.777777778,86,0.716666667,0,1,1,1,0,0,1,2,1,1,2,1,1,0,2,0,1,1,below,3.85,4.1,10.923,47.690375,5,1,1.5,1.3,1.3,1,32,0.888888889
18,27,0.75,88,0.733333333,1,4,3,3,3,3,4,3,1,4,2,3,3,3,4,1,3,3,below,3.95,3.85,6.904739,40.771755,6.4,2.8,3.8,7.6,3.7,1,33,0.916666667
19,27,0.75,87,0.725,2,2,3,3,2,3,1,3,1,2,1,1,4,1,2,1,2,2,below,5.05,3.6,8.883278,53.09936,5.6,4.6,3.4,3.3,4.7,2,31,0.861111111
20,24,0.666666667,85,0.708333333,3,4,4,4,4,3,4,4,1,4,2,3,1,3,4,1,3,4,control,4.65,4.6,19.5261635,56.095025,4.1,3.4,2.5,2.3,1.8,1,29,0.805555556
21,30,0.833333333,75,0.625,2,4,3,3,3,2,3,2,3,3,3,3,2,1,4,3,2,3,control,4.9,3.85,6.848548,41.654715,6,5.5,5,7.4,4.3,1,34,0.944444444
22,26,0.722222222,87,0.725,1,3,4,3,2,3,1,2,3,3,3,2,1,3,4,2,2,2,below,5.9,3.4,7.4477925,54.876435,4.6,3,3,2.6,5,3,28,0.777777778
23,22,0.611111111,82,0.683333333,3,2,3,3,4,2,2,3,3,0,3,3,3,1,3,2,4,3,control,6.2,2.3,3.18522695,34.069565,6,5.5,3.4,3.7,6,2,25,0.694444444
24,27,0.75,89,0.741666667,3,3,3,2,3,3,3,3,1,3,1,3,3,3,4,1,2,3,above,3.3,4.8,16.8821655,73.80089,6.4,5.5,6.8,7.5,3.5,1,31,0.861111111
25,29,0.805555556,91,0.758333333,3,3,3,3,3,3,3,3,2,3,3,3,1,3,3,1,3,3,below,5.55,3.05,5.667855,40.435795,7.8,4.8,2.1,2.8,2.2,3,28,0.777777778
26,28,0.777777778,90,0.75,3,4,4,3,3,4,3,3,3,4,3,3,1,1,4,1,3,3,control,6,2.75,5.8578445,39.23844,4.5,5.9,3.6,6.5,3.9,2,34,0.944444444
27,26,0.722222222,71,0.591666667,3,4,4,3,3,4,4,4,3,4,4,3,3,3,4,1,3,4,above,4.7,3.4,6.3844045,42.82846,5.5,7.1,7.4,6.4,5.6,1,31,0.861111111
28,24,0.666666667,102,0.85,1,2,2,2,1,1,1,1,2,1,1,1,1,1,2,1,1,1,below,4.25,3.6,15.600606,62.249035,5.1,3.9,2.6,4.2,2.4,2,33,0.916666667
29,25,0.694444444,70,0.583333333,4,4,4,3,4,4,4,4,2,4,4,3,2,1,3,1,4,3,above,8,1.85,6.0248205,69.66022,7.4,7.9,7.9,7.5,8,1,24,0.666666667
30,30,0.833333333,81,0.675,3,4,3,3,3,4,4,4,3,3,3,3,1,3,4,1,3,3,above,3.75,4.8,8.9460435,41.6506,6,5.9,6.5,5.1,5.1,3,31,0.861111111
31,25,0.694444444,90,0.75,3,4,2,3,3,2,3,2,1,3,1,4,1,0,3,1,3,3,above,3.85,3.85,7.897862,37.998435,6,8.2,5.2,9,9.3,1,35,0.972222222
32,25,0.694444444,92,0.766666667,2,4,3,3,3,2,2,3,1,4,4,3,1,1,4,1,3,4,control,4.6,3.5,4.43204,32.88247,4.7,4.7,4.3,4.6,4.5,2,26,0.722222222
33,28,0.777777778,92,0.766666667,3,4,4,4,3,3,4,4,2,4,4,3,2,3,4,3,3,4,control,4.65,3,5.410994,34.334165,4.9,5,5.5,5.9,5.9,2,31,0.861111111
34,29,0.805555556,83,0.691666667,1,2,3,2,1,2,2,2,2,2,2,2,2,2,2,2,2,2,below,7.65,2.55,10.6639325,56.030575,5.5,3,2.5,1.5,0.5,2,29,0.805555556
35,33,0.916666667,104,0.866666667,0,1,3,1,1,1,1,3,1,1,3,1,1,3,2,1,0,1,below,5.45,3,9.5376625,41.023815,2.1,1.4,1.6,1.4,1.4,2,33,0.916666667
36,27,0.75,90,0.75,3,3,3,3,4,2,3,3,4,3,4,3,3,2,4,3,3,3,above,5.7,3.15,4.644387,39.016775,6,7.8,6.1,5.8,7.6,2,35,0.972222222
37,26,0.722222222,75,0.625,2,3,3,4,2,3,2,3,1,1,1,2,2,3,3,2,2,1,control,6.75,3.15,4.857551,34.110255,5.8,3.2,4.6,8,9.3,2,30,0.833333333
38,31,0.861111111,96,0.8,3,3,3,2,3,3,3,3,2,3,2,3,2,1,3,3,3,3,control,6.45,2.9,4.7010595,28.750515,6.3,5,6,6.9,7.5,3,30,0.833333333
39,32,0.888888889,112,0.933333333,3,4,3,3,3,2,3,3,2,3,3,3,2,1,3,2,3,3,above,4.9,3.6,4.6170035,30.968355,6.4,6.5,6.5,6.4,6.6,3,33,0.916666667
40,30,0.833333333,86,0.716666667,1,1,2,3,1,1,1,1,2,1,1,1,3,1,1,3,1,1,below,7.3,2.35,3.2500270000000002,34.20401,4.8,1.5,2,2.7,5,2,29,0.805555556
41,29,0.805555556,88,0.733333333,3,3,3,4,3,3,4,4,1,4,4,3,3,1,3,2,3,3,above,4.45,2.95,3.804354,33.225925,5,5.3,6,6.1,5.9,1,31,0.861111111
42,30,0.833333333,77,0.641666667,3,4,3,4,3,3,4,3,0,4,4,3,1,1,4,2,3,3,above,4.15,3.9,6.2490815,41.731635,1.8,1.8,0.4,5.3,2.1,2,35,0.972222222
43,32,0.888888889,88,0.733333333,1,4,4,3,4,4,2,4,3,4,3,4,2,3,4,3,4,4,below,4.95,3,5.292976,34.20217,5.9,6.2,6.5,4.3,5.2,2,34,0.944444444
44,30,0.833333333,99,0.825,1,4,2,3,2,2,3,4,1,3,1,1,2,1,4,2,2,4,control,3.75,4.1,4.8316925,30.40882,3,3.2,3,6.5,5.1,3,29,0.805555556
45,29,0.805555556,93,0.775,1,2,0,3,0,1,1,1,2,2,1,1,2,0,2,2,0,1,control,4.15,4.05,12.1098295,47.500375,2.2,0.5,0.9,1.8,1.1,2,33,0.916666667
46,24,0.666666667,79,0.658333333,2,3,3,2,2,2,2,3,3,2,3,2,1,1,2,1,2,3,control,4.1,4.25,14.7810465,57.56888,4.9,4.4,3.7,5.6,3.1,1,32,0.888888889
47,24,0.666666667,84,0.7,2,3,3,3,2,1,3,3,3,3,3,3,3,3,3,1,1,3,control,4.25,3,5.3734065,39.28527,5.9,4.8,4.7,5.9,2.4,1,29,0.805555556
48,25,0.694444444,87,0.725,2,3,3,4,2,3,1,2,3,3,4,2,3,3,1,3,2,3,control,5.55,2.7,17.7138985,64.90319,4.2,5,5,4.7,3.5,1,28,0.777777778
49,26,0.722222222,100,0.833333333,2,2,3,1,2,2,1,1,1,2,1,2,1,1,3,1,1,1,above,8.45,1.65,2.9333524,40.93092,4.9,4.4,4.7,4.3,4.5,1,28,0.777777778
50,21,0.583333333,89,0.741666667,3,4,4,4,4,3,4,4,2,4,4,3,3,2,4,0,4,4,above,6.3,2.95,5.400149,44.671825,6.5,7.5,7.4,6.4,8.1,2,29,0.805555556
51,30,0.833333333,88,0.733333333,2,3,2,3,2,2,3,3,3,3,2,3,3,1,4,3,2,3,control,4.6,3.2,8.6709455,47.368395,7.5,4.8,3.1,3,6.5,1,32,0.888888889
52,31,0.861111111,101,0.841666667,4,4,3,4,4,3,4,4,3,4,4,3,3,3,4,4,4,4,above,4.85,2.8,5.9310235,31.831455,6.6,7.4,6.3,8.1,6.1,1,35,0.972222222
53,26,0.722222222,72,0.6,1,3,4,3,3,3,3,3,0,4,4,3,3,1,4,3,3,4,below,5.4,3.1,4.152399,32.97924,5,7.3,8.4,7.6,8,2,33,0.916666667
54,27,0.75,100,0.833333333,2,4,3,3,3,2,2,3,1,3,4,3,1,1,3,1,2,3,above,4.3,3.9,6.62626,37.83488,5.2,6.2,6.5,5.2,6,1,34,0.944444444
55,28,0.777777778,93,0.775,3,3,3,1,2,2,3,3,2,3,2,2,3,1,3,1,2,3,control,4.9,3.2,3.8657205,32.500305,4.6,4.7,5.8,5.5,5.2,2,30,0.833333333
56,19,0.527777778,81,0.675,3,3,4,1,2,2,2,3,1,1,1,2,1,1,2,1,2,1,above,6.45,2.5,4.4196645,46.14527,4.6,2.6,1.7,1.8,7.5,2,30,0.833333333
57,32,0.888888889,89,0.741666667,4,4,3,4,4,4,3,3,1,4,3,4,1,3,4,2,4,4,above,3.7,3.8,9.7958045,49.20395,5.5,6,6.4,5.5,5.2,2,29,0.805555556
58,30,0.833333333,104,0.866666667,2,4,3,3,2,1,2,3,1,4,3,3,2,1,3,0,3,4,above,3.95,3.5,8.1804025,40.25076,5.4,4.7,6.4,6.1,4.3,1,32,0.888888889
59,30,0.833333333,76,0.633333333,3,4,3,3,4,3,4,3,1,4,4,4,2,2,3,3,3,3,control,4.75,3.25,4.8958135,33.787215,5.2,5.5,3.7,5.5,6.5,1,30,0.833333333
60,33,0.916666667,92,0.766666667,3,4,2,4,3,2,3,4,3,4,4,3,2,3,4,3,3,4,control,2.9,5.55,17.8554305,50.33883,5.7,6,6,6.4,6.2,1,32,0.888888889
61,30,0.833333333,93,0.775,3,4,4,2,4,3,2,4,1,3,2,3,1,3,4,1,3,4,control,7.5,2.5,6.291214,50.13099,6.2,5,7.2,5.2,4.9,2,24,0.666666667
62,29,0.805555556,93,0.775,3,4,3,2,3,3,3,4,4,3,2,4,3,1,4,2,3,3,above,3.55,4,8.0375245,48.557535,5,5.5,5.5,5.5,4.4,1,31,0.861111111
63,30,0.833333333,99,0.825,3,3,3,4,3,3,3,4,2,3,3,3,1,3,4,3,3,4,control,6.35,2.45,2.5054525,31.811945,6.1,3.5,4.6,6.4,6.6,2,31,0.861111111
64,31,0.861111111,88,0.733333333,3,3,3,3,3,3,3,3,1,3,2,3,3,1,3,3,3,3,below,6.6,2.2,3.806282,37.763215,8.1,7,2,2.4,2.9,2,29,0.805555556
65,29,0.805555556,102,0.85,2,2,4,1,3,3,1,1,4,3,2,1,1,0,2,0,2,2,control,3.7,4.45,8.363002,38.038225,6.1,7,2.2,5.6,0.4,3,34,0.944444444
66,28,0.777777778,80,0.666666667,3,4,4,3,3,3,4,4,3,4,4,3,3,3,4,3,3,3,below,6.15,3.3,4.41095,35.42018,3.5,1.2,2.4,2.1,3.5,3,29,0.805555556
67,24,0.666666667,81,0.675,3,4,4,4,4,4,4,4,0,4,4,3,0,4,4,3,3,4,below,4,4.3,10.5871415,49.91602,4.6,4.8,4.6,4.8,5,2,29,0.805555556
68,32,0.888888889,87,0.725,4,4,4,4,4,4,4,4,4,4,4,4,4,4,4,4,4,4,above,3.45,4.1,6.6269685,33.62272,7,6.6,7.7,7.7,9.2,1,34,0.944444444
69,24,0.666666667,82,0.683333333,0,0,2,0,0,0,0,1,0,1,0,0,0,0,0,0,0,0,below,6.15,2.7,5.1950305,39.87968,6.1,2.5,1.5,2.2,2.5,1,28,0.777777778
70,25,0.694444444,88,0.733333333,1,2,4,4,3,4,3,3,1,2,2,3,1,1,3,1,2,3,below,7.35,2.2,7.67018,52.1502,4.9,5,4.6,2.3,1.3,2,26,0.722222222
71,27,0.75,88,0.733333333,1,2,3,1,2,3,2,1,1,2,3,2,2,1,2,1,1,2,below,6.8,2.9,6.842088,44.391615,7.8,4.7,4.6,4.2,6.7,1,29,0.805555556
72,24,0.666666667,81,0.675,3,3,4,4,3,3,4,4,0,4,4,3,4,0,4,0,2,4,control,4.7,3.55,10.9484405,57.1151,6.9,7,6,6.8,4,2,27,0.75
73,31,0.861111111,90,0.75,0,1,1,0,2,1,1,3,3,1,3,1,1,1,1,0,1,0,above,6.7,2.35,4.1003457,33.733045,3.6,6.4,7.6,7.8,8.8,1,30,0.833333333
74,28,0.777777778,90,0.75,3,2,3,4,1,2,2,3,3,2,3,3,3,3,4,4,2,1,above,4.75,3.5,6.7566745,41.98138,4.8,5,6,6.9,5,1,26,0.722222222
75,24,0.666666667,93,0.775,3,3,3,4,3,3,3,2,3,3,3,3,1,2,3,3,3,3,control,5.9,2.6,4.606528,37.66031,5.9,4.8,5.9,3.5,5.5,2,29,0.805555556
76,27,0.75,91,0.758333333,2,3,3,3,3,2,4,4,3,3,2,2,1,3,4,1,2,3,below,4.5,3.5,6.3747055,41.060095,4.8,3.1,2.8,3.2,3,2,31,0.861111111
77,29,0.805555556,85,0.708333333,1,4,3,3,2,3,2,3,3,3,3,3,1,3,3,3,3,3,above,4.4,3.3,4.35375,35.67522,5,6.6,5.2,4.8,5.9,2,35,0.972222222
78,35,0.972222222,113,0.941666667,3,4,3,3,4,3,3,3,2,3,2,3,3,2,3,1,3,4,above,3.35,4.6,11.2956855,44.275715,8.9,8.4,8.8,8.1,6.3,1,35,0.972222222
79,31,0.861111111,87,0.725,2,4,4,2,3,3,3,4,2,3,2,3,3,3,4,1,2,3,control,4.75,3.75,5.2733625,34.80585,5,5.4,4.1,4.9,5.2,2,28,0.777777778
80,29,0.805555556,76,0.633333333,1,4,4,2,1,2,1,1,2,1,3,1,1,1,3,1,2,1,below,5.6,3.15,5.3639895,38.164985,6.6,4.5,3,5.7,4.7,2,29,0.805555556
81,27,0.75,96,0.8,3,3,3,1,3,3,1,1,3,3,3,3,1,1,3,1,3,3,above,5.8,3.25,6.3634765,45.629815,6.3,6,6.5,7.1,4.2,2,34,0.944444444
82,29,0.805555556,78,0.65,3,4,3,4,3,1,4,4,4,4,4,3,3,3,4,4,2,4,above,7.65,2.95,4.929031,45.135025,5.2,2.4,3,4,6.2,1,29,0.805555556
83,24,0.666666667,85,0.708333333,0,3,3,3,2,3,3,2,3,1,2,1,0,1,3,2,2,1,below,6,3.25,7.6114195,46.546725,7.7,2.9,2.2,1.6,2.5,1,34,0.944444444
84,28,0.777777778,99,0.825,3,4,4,4,3,4,4,4,0,4,4,4,3,3,3,1,2,4,control,4.3,4.5,15.3853175,58.284995,5.9,4.9,5.7,5.5,3.1,1,34,0.944444444
85,28,0.777777778,95,0.791666667,3,4,4,4,3,3,3,3,3,4,4,3,2,1,4,3,3,3,control,4.7,2.85,4.569705,32.317495,3.7,7,5.6,6.6,6,2,33,0.916666667
86,31,0.861111111,75,0.625,1,3,2,3,2,1,2,2,1,3,3,3,2,2,3,2,2,3,below,4.95,3.25,5.0048285,44.29033,5,4.5,2.8,4.8,3,2,33,0.916666667
87,25,0.694444444,83,0.691666667,2,4,3,3,3,3,3,3,2,3,3,3,2,1,4,1,3,3,above,5,2.95,4.3272515,39.55701,4.3,6,5,5.9,5,1,31,0.861111111
88,27,0.75,90,0.75,3,4,3,2,1,2,3,3,3,2,2,2,1,1,3,1,2,2,control,5,3.35,4.375949,29.72562,3.8,4.5,4,1.6,6.4,2,32,0.888888889
89,29,0.805555556,92,0.766666667,3,4,4,4,4,3,4,4,1,4,4,4,4,3,4,3,3,4,control,3.85,3.3,5.41058,34.72556,5.7,5.3,5.3,6.4,7.2,1,35,0.972222222
90,26,0.722222222,93,0.775,3,4,4,4,3,3,3,3,3,4,4,3,2,3,3,2,3,4,control,5.9,3.05,4.656481,38.40457,5.8,3.7,2.6,2.7,4.7,2,32,0.888888889
91,22,0.611111111,79,0.658333333,3,4,4,3,2,3,3,3,2,3,3,3,3,3,4,1,2,3,below,5.8,3.2,7.7065285,53.107005,5.7,2.5,2.1,4.5,2,1,30,0.833333333
92,27,0.75,97,0.808333333,3,3,3,3,1,3,2,3,0,2,1,3,3,1,3,1,2,1,control,6.1,2.55,3.2649205,27.54395,8.7,6.2,5.9,9.6,7.6,2,35,0.972222222
93,27,0.75,91,0.758333333,3,3,3,1,3,4,3,3,1,3,1,3,4,1,3,1,3,1,above,4.65,3.4,5.5067125,32.93737,6.5,6.7,6.1,6.2,7.6,2,30,0.833333333
94,27,0.75,100,0.833333333,3,3,2,3,2,2,2,1,3,3,2,3,1,2,3,1,2,3,above,4.85,3.35,6.3505835,38.682015,7.1,7.3,4.9,4.9,5.8,2,28,0.777777778
95,24,0.666666667,99,0.825,0,2,3,4,1,4,0,3,3,1,2,1,1,1,1,0,1,2,below,4.4,3.45,6.494848,45.208055,5.4,2.6,3.4,1.3,0.7,2,34,0.944444444
96,26,0.722222222,76,0.633333333,2,3,3,3,1,1,3,3,2,3,2,2,3,3,3,1,1,3,above,6.1,2.8,3.564481,35.88942,4.9,5,5.9,5.9,5.3,2,31,0.861111111
97,28,0.777777778,95,0.791666667,3,4,4,4,4,3,4,4,3,4,4,3,3,3,4,3,3,4,above,4.4,3.2,5.2961005,37.91438,5.6,4.8,5.8,5.8,6.3,2,31,0.861111111
98,21,0.583333333,87,0.725,3,3,3,3,4,3,3,3,2,3,4,3,2,3,4,3,3,3,control,4.9,3.3,4.3553285,35.35462,4.8,3,2.5,5.2,6.6,2,29,0.805555556
99,25,0.694444444,82,0.683333333,2,3,4,3,2,3,1,3,1,1,2,2,3,1,3,1,2,1,above,5.9,3.2,7.5207145,39.50405,6.7,7.3,6.5,6.3,7.5,1,31,0.861111111
100,27,0.75,83,0.691666667,4,3,4,1,3,3,1,4,2,3,3,3,0,2,4,1,3,4,above,3.6,4.45,11.129128,54.672110000000004,8.3,8,6.7,8.7,8.3,1,32,0.888888889
101,30,0.833333333,77,0.641666667,1,3,2,3,1,1,1,2,3,2,1,2,1,1,2,2,1,2,control,4.95,2.65,4.890543,37.68265,3.8,3.6,4.4,4,4.2,2,30,0.833333333
102,25,0.694444444,96,0.8,2,3,3,4,4,3,3,4,3,4,4,3,2,2,3,2,3,4,control,6.75,2.25,4.859154,43.88951,5.6,3.7,2.7,4,2.8,1,24,0.666666667
103,32,0.888888889,106,0.883333333,2,4,3,2,3,1,1,1,1,1,3,1,1,1,3,0,2,1,above,4.85,4.2,10.1589085,41.01698,6.2,5.6,4.5,6.2,4.9,1,32,0.888888889
104,30,0.833333333,91,0.758333333,3,4,4,4,3,3,2,4,0,4,4,3,3,3,4,2,3,4,control,4.05,3.8,14.8526355,58.164395,6.6,3.9,4.5,5.2,4.3,1,34,0.944444444
105,27,0.75,108,0.9,1,3,3,3,1,1,3,3,1,1,1,1,1,1,3,1,1,1,above,3.2,4.4,8.321969,38.652915,6.6,5.1,7,4,3.6,2,32,0.888888889
106,21,0.583333333,76,0.633333333,3,4,3,4,4,3,4,3,3,3,4,3,2,3,4,1,3,3,above,5.95,2.3,3.4380335,39.875565,4.8,6,5.2,5.9,6,2,28,0.777777778
107,29,0.805555556,103,0.858333333,2,4,3,4,2,2,2,1,3,3,3,2,2,3,3,2,2,3,below,4.35,3.85,5.4693425,33.219755,6.6,5.2,2.4,3.2,0.7,3,33,0.916666667
108,28,0.777777778,81,0.675,3,3,3,4,2,1,3,3,1,3,1,3,1,3,4,1,2,3,above,4.6,3.8,7.7744925,48.887235,4.1,5.4,5.1,5.5,5.5,2,32,0.888888889
109,27,0.75,86,0.716666667,3,3,3,3,2,3,3,3,3,3,3,3,2,1,3,2,2,3,above,7.75,2.3,5.139191,42.77611,7,7.1,6.9,8.1,8.5,2,27,0.75
110,29,0.805555556,87,0.725,4,3,4,3,4,4,4,4,3,4,4,4,1,2,4,3,3,4,control,4.6,3.2,4.5210985,33.127245,5.8,5.4,4.3,3.6,3.8,1,30,0.833333333
111,30,0.833333333,93,0.775,1,3,4,3,2,3,2,3,3,3,2,2,3,3,2,3,2,3,below,7.9,1.7,2.03699035,36.475225,0.6,0.8,0.7,0.7,0.9,2,33,0.916666667
112,21,0.583333333,81,0.675,3,4,3,3,3,3,3,2,1,3,3,3,1,2,3,2,3,3,control,6.95,1.65,2.9040635,46.1688,4.9,2.6,2.1,3.1,6.4,2,28,0.777777778
113,29,0.805555556,73,0.608333333,2,4,2,2,4,3,3,1,2,3,2,3,3,3,3,2,3,3,control,6.55,2.4,1.90338495,28.74859,6.3,6,5,3.7,8,2,25,0.694444444
114,33,0.916666667,100,0.833333333,1,3,3,1,1,1,1,3,2,1,3,1,1,3,3,1,1,1,below,2.7,5.05,16.483798,51.892135,5.3,4,4,5,5,3,34,0.944444444
115,34,0.944444444,103,0.858333333,3,4,2,3,2,2,3,3,3,3,3,3,1,1,3,1,2,3,below,4.75,3.35,4.2399405,36.22375,5.4,2.7,3.7,4.2,2,2,35,0.972222222
116,26,0.722222222,105,0.875,2,3,2,3,3,3,4,4,2,3,3,2,1,1,3,1,2,3,control,5.65,2.8,6.2114465,45.057615,4.7,4.4,5.2,5.1,5.8,3,36,1
117,27,0.75,82,0.683333333,3,3,4,3,3,3,3,3,1,3,3,1,1,3,3,2,3,3,below,7.05,2.4,4.663895,37.35039,4.9,4.5,2.4,2.1,3,2,24,0.666666667
118,27,0.75,81,0.675,3,4,3,3,3,2,3,4,2,3,4,3,3,1,4,1,3,4,control,4.8,3.95,6.5403275,39.106415,6,3,3.5,4.8,6,1,30,0.833333333
119,24,0.666666667,82,0.683333333,2,4,3,4,4,1,3,4,3,4,4,3,1,0,4,1,3,4,above,4.9,3,5.21077,40.82666,5.8,3.8,5.2,6,5.3,1,31,0.861111111
120,27,0.75,79,0.658333333,2,3,3,3,2,3,2,2,1,3,3,3,1,2,2,1,2,3,above,6.35,2.4,2.9969658,39.629715,4.7,5.1,5,4.8,5.6,2,28,0.777777778
121,28,0.777777778,74,0.616666667,2,4,3,3,3,3,4,3,1,3,3,4,3,1,4,1,2,3,above,4.95,3.45,15.6956665,77.57177,5.4,5.9,6.7,4.7,4.6,1,28,0.777777778
122,25,0.694444444,79,0.658333333,2,3,4,4,2,3,3,4,3,3,4,3,3,4,4,4,3,4,below,6,3.7,15.599477,65.927505,5.2,4,3.9,4.4,5.2,2,32,0.888888889
123,23,0.638888889,78,0.65,1,1,1,0,0,1,1,1,1,1,0,1,1,1,1,1,0,1,below,5.55,3.35,8.539218,42.584935,2,0.5,0.4,5,4.3,2,25,0.694444444
124,26,0.722222222,82,0.683333333,2,4,4,3,3,3,3,4,2,3,3,3,0,2,4,1,3,3,control,7,2.15,2.713542,34.1605,3.2,4.4,0.7,6.8,5.9,2,29,0.805555556
125,30,0.833333333,88,0.733333333,1,2,2,0,2,2,3,0,3,4,2,2,0,4,3,0,2,4,below,5.15,3.55,5.418237,38.44862,3.6,1.9,1.5,3.7,2.2,2,35,0.972222222
126,21,0.583333333,75,0.625,3,4,4,1,3,3,4,4,1,4,3,4,3,3,4,2,3,4,below,5.8,3.55,9.8949285,47.676405,4.7,4.4,5.6,5,3,2,28,0.777777778
127,25,0.694444444,84,0.7,2,3,2,1,2,2,3,2,3,1,2,2,3,1,3,1,2,1,above,5.9,2.9,4.697852,41.68368,4.8,5.4,7,7.5,7.3,1,25,0.694444444
128,33,0.916666667,93,0.775,2,2,3,3,3,3,2,3,1,1,1,1,4,1,4,2,2,1,below,5.3,3.4,6.0631235,45.971035,5,3.4,2.1,1.7,0.5,2,33,0.916666667
129,29,0.805555556,99,0.825,2,4,3,4,4,1,3,4,2,4,4,4,3,3,4,2,3,4,above,4.55,2.9,4.7381645,33.552065,4.7,5.5,4.6,4.9,4.8,2,34,0.944444444
130,28,0.777777778,77,0.641666667,2,4,3,3,2,3,2,3,3,2,3,3,3,2,3,1,2,4,above,5.55,2.75,7.456447,42.09061,5.2,4.9,4.9,5.3,6.7,1,27,0.75
131,28,0.777777778,95,0.791666667,3,3,4,3,3,4,3,3,1,4,4,3,2,3,4,2,3,4,below,5.75,2.9,5.3212055,48.208465,3.7,0.9,1.7,1.4,0.6,2,34,0.944444444
132,33,0.916666667,96,0.8,4,4,4,4,4,4,4,4,4,4,4,4,4,4,4,4,4,4,below,4.5,3.85,5.718614,38.42954,6.3,7.3,6.7,7,4,1,25,0.694444444
133,27,0.75,86,0.716666667,2,4,4,3,2,3,1,1,2,3,3,2,1,3,2,3,2,2,below,5.35,2.95,4.9862325,35.57713,4.1,3.3,2.6,1.8,2.3,1,35,0.972222222
134,27,0.75,94,0.783333333,3,3,3,2,1,1,3,4,3,3,3,3,1,3,4,2,3,3,control,4.25,3.6,7.648637,46.14483,5,5,4.8,6.2,3.4,1,28,0.777777778
135,22,0.611111111,80,0.666666667,0,3,3,1,1,2,3,3,3,2,3,1,2,1,3,2,1,3,below,4.9,3.7,12.5562635,45.789515,3.3,2.6,2.6,1.8,2.1,2,30,0.833333333
136,29,0.805555556,102,0.85,0,4,3,1,1,2,0,1,4,3,2,2,1,0,3,0,1,2,below,4.5,3.95,6.9003645,34.23783,9.1,5.4,2.3,3.2,6.9,1,35,0.972222222
137,33,0.916666667,93,0.775,2,3,4,3,2,0,3,4,1,3,3,3,1,2,4,2,2,3,above,4.45,3.55,2.7276685,29.107285,6.5,7.8,6.5,4.5,8,2,34,0.944444444
138,26,0.722222222,81,0.675,1,4,3,3,2,2,3,3,1,4,3,2,1,3,4,3,2,4,below,4.2,3.45,6.031325,40.1001,4.6,4.1,4.8,4.9,4.5,2,24,0.666666667
139,27,0.75,92,0.766666667,2,3,3,3,2,3,3,3,3,3,2,3,3,3,3,3,2,3,below,6.3,3.05,4.115853,37.307335,6,2.7,2.2,1.3,1.3,2,32,0.888888889
140,25,0.694444444,82,0.683333333,3,3,3,3,4,4,4,4,3,4,2,3,3,2,4,4,4,4,below,6.25,3.35,4.6913835,33.95859,4.7,1.3,0.8,0.5,5.6,1,27,0.75
141,18,0.5,80,0.666666667,2,4,3,4,2,2,4,3,1,4,4,3,3,3,3,3,2,3,control,6.8,2.4,4.426868,39.05925,4,3.3,3.6,3.4,3.2,1,24,0.666666667
142,25,0.694444444,96,0.8,2,4,3,4,3,1,3,3,3,3,3,2,1,3,3,1,3,3,below,5.5,3.5,12.4340035,50.51651,5.1,3.1,2.5,2.4,3.2,3,28,0.777777778
143,28,0.777777778,89,0.741666667,2,4,3,3,3,3,3,3,2,3,4,1,1,1,3,1,2,3,below,5.15,3.4,5.3691705,39.41952,5.6,3.8,1.8,3.4,5,1,30,0.833333333
144,30,0.833333333,109,0.908333333,0,2,1,2,0,0,1,3,2,1,0,0,0,0,1,3,0,1,below,4.5,3.35,3.456777,30.14677,5.6,5,4.9,4.7,6.8,2,31,0.861111111
145,28,0.777777778,85,0.708333333,2,3,4,1,1,3,2,3,1,1,1,3,3,3,3,1,1,2,below,4.65,3.55,16.2749135,61.961025,4.4,3.9,2.5,3.3,3.5,2,31,0.861111111
146,27,0.75,80,0.666666667,3,3,3,2,1,1,3,2,3,2,1,3,3,1,3,1,3,2,above,4.25,3.55,5.1271425,39.798585,5,6.3,5.5,5.6,5.7,2,31,0.861111111
147,24,0.666666667,82,0.683333333,1,2,4,3,1,2,1,1,2,1,3,1,2,3,3,1,1,1,below,5.45,2.9,6.0245125,50.32073,4.6,4.4,5.4,5.7,3.3,2,28,0.777777778
148,27,0.75,74,0.616666667,2,3,3,4,3,3,2,4,0,4,4,2,4,3,3,4,3,4,control,4.6,3.95,4.932856,33.00022,5.5,7.4,3.8,7.9,2.1,2,21,0.583333333
149,30,0.833333333,103,0.858333333,3,4,4,4,3,3,3,4,0,4,4,3,2,3,3,2,3,3,above,6.05,2.25,2.8203645,31.970355,7.7,7.5,7.3,6.9,5.4,2,28,0.777777778
150,25,0.694444444,74,0.616666667,1,1,3,0,1,0,1,4,1,0,0,1,1,1,1,0,1,0,control,5.45,2.4,3.38301,36.517235,4.8,4.1,4.2,3.8,4.9,2,26,0.722222222
151,26,0.722222222,97,0.808333333,3,3,3,2,3,2,2,3,0,3,3,3,0,2,3,0,2,3,above,5.1,3.05,6.032548,39.57001,3.5,4.3,3.5,1.3,1.8,2,29,0.805555556
152,31,0.861111111,92,0.766666667,2,3,3,4,1,2,1,4,3,4,1,2,3,2,2,1,2,3,below,5.9,2.4,2.2408995,28.155385,7.6,5.5,1.8,1,5,2,33,0.916666667
153,29,0.805555556,84,0.7,1,3,3,1,2,2,3,3,1,2,3,2,0,1,2,0,2,2,above,5.05,2.95,6.236498,43.335715,4.3,4.7,5.1,6.7,6.2,2,28,0.777777778
154,31,0.861111111,88,0.733333333,2,3,3,1,3,2,2,3,3,1,3,3,1,1,4,1,2,1,above,4.45,3.7,5.230533,37.88155,5.5,3.7,6.2,2.6,2.6,2,29,0.805555556
155,27,0.75,97,0.808333333,1,3,4,3,2,3,2,4,4,3,3,1,3,3,4,1,2,3,control,5.8,3.55,9.594206,47.037585,3.3,4.6,3.4,5,6.8,2,27,0.75
156,29,0.805555556,72,0.6,2,3,3,3,3,3,2,4,3,4,4,3,2,2,3,4,3,3,control,3.45,4.3,15.663824,60.61347,6.9,5,5.2,6.8,5,1,33,0.916666667
157,31,0.861111111,87,0.725,3,4,4,3,3,3,4,4,1,3,3,3,3,3,4,2,3,3,control,5.3,2.65,9.108837,46.662955,6.9,7.1,6.8,6,3.7,3,30,0.833333333
158,26,0.722222222,86,0.716666667,3,4,4,4,3,4,4,4,3,4,4,0,2,4,4,3,4,4,above,6.75,2.4,4.725188,38.85564,7,5.3,7.9,8.4,8.5,1,31,0.861111111
159,27,0.75,85,0.708333333,3,4,3,4,3,3,4,4,2,4,4,3,3,3,4,1,3,4,control,4.2,4.1,9.046077,45.51007,6.5,4.6,5.8,3.4,5.4,2,26,0.722222222
